EXPERIMENT,DEVICES,CLOUDS,MAX_QUEUE_SIZE,AVG_QUEUE_SIZE,TOTAL_JOBS,AVG_JOBS_DEVICE,MAX_JOBS_DEVICES,AVG_JOBS_CLOUD,MAX_JOBS_CLOUD,DEVICES_WITH_1+JOB,EXECUTION_TIME_AVG,EXECUTION_TIME_MAX,EXECUTION_TIME_MIN,EXECUTION_TIME_DEVICE_AVG,EXECUTION_TIME_DEVICE_MAX,EXECUTION_TIME_DEVICE_MIN,EXECUTION_TIME_CLOUD_AVG,EXECUTION_TIME_CLOUD_MAX,EXECUTION_TIME_CLOUD_MIN,AVG_EXPERIMENT_TIME,MAX_EXPERIMENT_TIME
Single_EstimatedTimeScheduler17/0/2,8,0,7,4.75,123,15.375,123,0,0,8,25033.536585365855,91318,8908,25033.536585365855,91318,8908,0,0,0,224289.0,295795
Single_EstimatedTimeScheduler17/0/1,8,0,6,3.625,114,14.25,114,0,0,8,20975.508771929824,57364,8915,20975.508771929824,57364,8915,0,0,0,219111.625,256831
Single_EstimatedTimeScheduler17/0/0,8,0,7,4.0,112,14.0,112,0,0,8,21807.651785714286,74281,8794,21807.651785714286,74281,8794,0,0,0,198071.125,258323
SingleDeviceSchedulerCloud16/0/2,6,1,3,0.42857142857142855,134,11.166666666666666,16,67,67,7,1689.2149699536426,3552,731,1745.4149773837273,3552,1070,1352.0149253731342,3356,731,189104.14285714287,230808
SingleDeviceSchedulerCloud16/0/1,6,1,2,0.2857142857142857,136,11.333333333333334,15,68,68,7,1503.4627951180476,3193,738,1552.4688492063494,3193,1107,1209.4264705882354,2867,738,198236.42857142858,236853
SingleDeviceSchedulerCloud16/0/0,6,1,2,0.2857142857142857,138,11.5,15,69,69,7,1681.5117511887697,3744,716,1738.4835164835165,3744,1238,1339.6811594202898,3119,716,184155.0,222039
MultiDeviceSchedulerLocalRemoteRandom07/0/2,4,0,9,5.0,80,20.0,23,0,0,4,36280.3054028133,90206,8775,36280.3054028133,90206,8775,0,0,0,293384.25,305201
MultiDeviceSchedulerLocalRemoteRandom07/0/1,4,0,9,5.25,47,11.75,15,0,0,4,40028.169642857145,164255,7026,40028.169642857145,164255,7026,0,0,0,911376.75,1172096
MultiDeviceSchedulerLocalRemoteRandom07/0/0,4,0,9,5.0,60,15.0,21,0,0,4,36228.08150703463,351016,9015,36228.08150703463,351016,9015,0,0,0,1106419.25,1404914
MultiDeviceSchedulerLocalRemoteRoundRobin08/0/2,4,0,2,1.5,51,12.75,18,0,0,4,12783.13005050505,24220,8922,12783.13005050505,24220,8922,0,0,0,235840.25,251340
MultiDeviceSchedulerLocalRemoteRoundRobin08/0/1,4,0,1,1.0,48,12.0,15,0,0,4,11972.62371794872,19764,8832,11972.62371794872,19764,8832,0,0,0,222897.5,235078
MultiDeviceSchedulerLocalRemoteRoundRobin08/0/0,4,0,2,1.5,44,11.0,13,0,0,4,13582.647115384614,34964,8803,13582.647115384614,34964,8803,0,0,0,236544.25,247181
SingleDeviceSchedulerCloud15/0/2,6,1,7,1.0,348,29.0,31,174,174,7,2788.478342207081,7963,887,2835.173966291403,7963,1181,2508.3045977011493,7652,887,230059.42857142858,242402
SingleDeviceSchedulerCloud15/0/1,6,1,4,0.5714285714285714,302,25.166666666666668,33,151,151,7,2027.2593661389117,4718,1007,2072.878752769128,4718,1247,1753.5430463576158,4394,1007,224550.2857142857,239879
SingleDeviceSchedulerCloud15/0/0,6,1,5,0.7142857142857143,324,27.0,29,162,162,7,2547.762142178809,5578,1028,2603.5753798670466,5578,1289,2212.882716049383,5152,1028,229602.2857142857,237192
MultiDeviceSchedulerLocalRemoteRandom02/0/2,2,0,9,9.0,12,6.0,7,0,0,2,243867.5857142857,398001,10707,243867.5857142857,398001,10707,0,0,0,1157331.0,1408768
MultiDeviceSchedulerLocalRemoteRandom02/0/1,2,0,9,4.5,43,21.5,23,0,0,2,191600.74782608694,394673,10551,191600.74782608694,394673,10551,0,0,0,1523887.5,1600179
MultiDeviceSchedulerLocalRemoteRandom02/0/0,2,0,9,4.5,51,25.5,31,0,0,2,193506.86048387096,412335,10423,193506.86048387096,412335,10423,0,0,0,1534883.0,1589242
SingleDeviceSchedulerCloud04/0/2,1,1,1,0.5,20,10.0,10,10,10,2,1212.75,2618,705,1398.6,2618,1006,1026.9,2244,705,214350.0,214542
SingleDeviceSchedulerCloud04/0/1,1,1,1,0.5,26,13.0,13,13,13,2,1284.5,2694,704,1500.8461538461538,2694,993,1068.1538461538462,2281,704,214856.0,215030
SingleDeviceSchedulerCloud04/0/0,1,1,1,0.5,32,16.0,16,16,16,2,1267.59375,2546,716,1462.9375,2546,985,1072.25,2169,716,212694.5,212843
MultiDeviceSchedulerLocalRemoteRoundRobin16/0/2,8,0,3,2.0,85,10.625,20,0,0,8,15439.824107142857,34926,7538,15439.824107142857,34926,7538,0,0,0,231850.25,261052
MultiDeviceSchedulerLocalRemoteRoundRobin16/0/1,8,0,4,2.0,89,11.125,16,0,0,8,14548.914409722222,44035,7084,14548.914409722222,44035,7084,0,0,0,225101.25,245262
MultiDeviceSchedulerLocalRemoteRoundRobin16/0/0,8,0,4,2.625,83,10.375,12,0,0,8,17733.774463383837,43395,8892,17733.774463383837,43395,8892,0,0,0,216843.875,237489
MultiDeviceSchedulerLocalRemoteRoundRobin14/0/2,8,0,9,9.0,352,44.0,54,0,0,8,152592.5680402119,379864,9402,152592.5680402119,379864,9402,0,0,0,591364.625,613893
MultiDeviceSchedulerLocalRemoteRoundRobin14/0/1,8,0,9,9.0,376,47.0,57,0,0,8,178554.9691650548,455809,9666,178554.9691650548,455809,9666,0,0,0,645407.75,693009
MultiDeviceSchedulerLocalRemoteRoundRobin14/0/0,8,0,9,9.0,382,47.75,67,0,0,8,181347.53765472618,498000,9076,181347.53765472618,498000,9076,0,0,0,690153.5,725996
Single_EstimatedTimeScheduler20/0/2,8,0,2,1.125,17,2.125,17,0,0,8,12202.529411764706,18502,8847,12202.529411764706,18502,8847,0,0,0,40204.875,232941
Single_EstimatedTimeScheduler20/0/1,8,0,1,1.0,15,1.875,15,0,0,8,11995.933333333332,16888,8837,11995.933333333332,16888,8837,0,0,0,49260.25,211246
Single_EstimatedTimeScheduler20/0/0,8,0,1,1.0,15,1.875,15,0,0,8,11625.466666666667,16893,8922,11625.466666666667,16893,8922,0,0,0,47094.25,230519
SingleDeviceSchedulerCloud05/0/2,2,1,9,3.0,486,121.5,123,243,243,3,12869.649774164407,32573,1040,12975.252439024389,32573,1304,12658.444444444445,32288,1040,263407.0,264003
SingleDeviceSchedulerCloud05/0/1,2,1,9,3.0,494,123.5,135,247,247,3,11095.455812876207,24599,2208,11194.979265873015,24599,2567,10896.40890688259,24367,2208,256202.33333333334,257157
SingleDeviceSchedulerCloud05/0/0,2,1,9,3.0,490,122.5,126,245,245,3,7127.659828375795,19118,1037,7229.363211951448,19118,1284,6924.25306122449,18952,1037,254680.66666666666,255669
SingleDeviceSchedulerRemote03/0/2,2,0,9,4.5,28,14.0,28,0,0,2,49438.17857142857,126495,10467,49438.17857142857,126495,10467,0,0,0,362312.0,362396
SingleDeviceSchedulerRemote03/0/1,2,0,2,1.0,22,11.0,22,0,0,2,18327.5,30329,9483,18327.5,30329,9483,0,0,0,267530.0,267576
SingleDeviceSchedulerRemote03/0/0,2,0,3,1.5,19,9.5,19,0,0,2,13867.578947368422,32668,8808,13867.578947368422,32668,8808,0,0,0,244625.5,244775
Single_EstimatedTimeScheduler14/0/2,6,0,5,2.6666666666666665,51,8.5,51,0,0,6,17031.70588235294,47705,8817,17031.70588235294,47705,8817,0,0,0,148340.16666666666,247155
Single_EstimatedTimeScheduler14/0/1,6,0,3,1.8333333333333333,49,8.166666666666666,49,0,0,6,15209.0,34937,8833,15209.0,34937,8833,0,0,0,125389.5,254275
Single_EstimatedTimeScheduler14/0/0,6,0,5,2.3333333333333335,46,7.666666666666667,46,0,0,6,16581.304347826088,54240,8830,16581.304347826088,54240,8830,0,0,0,117118.66666666667,257222
MultiDeviceSchedulerLocalRemoteRoundRobin11/0/2,6,0,3,2.3333333333333335,97,16.166666666666668,22,0,0,6,15835.76442621706,32502,8966,15835.76442621706,32502,8966,0,0,0,197962.0,238885
MultiDeviceSchedulerLocalRemoteRoundRobin11/0/1,6,0,4,2.8333333333333335,136,22.666666666666668,27,0,0,6,22202.407747181616,55044,9067,22202.407747181616,55044,9067,0,0,0,258080.16666666666,281718
MultiDeviceSchedulerLocalRemoteRoundRobin11/0/0,6,0,4,2.8333333333333335,135,22.5,26,0,0,6,19665.067172242365,39328,8775,19665.067172242365,39328,8775,0,0,0,238852.5,245712
Single_MultiDeviceSchedulerLocalRemoteRandom04/0/2,2,0,2,1.0,13,6.5,13,0,0,2,12527.538461538461,23520,8938,12527.538461538461,23520,8938,0,0,0,190111.5,190220
Single_MultiDeviceSchedulerLocalRemoteRandom04/0/1,2,0,2,1.0,10,5.0,10,0,0,2,12058.4,21061,8809,12058.4,21061,8809,0,0,0,165054.5,165208
Single_MultiDeviceSchedulerLocalRemoteRandom04/0/0,2,0,1,0.5,7,3.5,7,0,0,2,9133.714285714286,10484,8622,9133.714285714286,10484,8622,0,0,0,184771.0,184977
Single_MultiDeviceSchedulerLocalRemoteRandom10/0/2,6,0,2,1.3333333333333333,45,7.5,45,0,0,6,12347.822222222223,26722,8646,12347.822222222223,26722,8646,0,0,0,233760.4,251036
Single_MultiDeviceSchedulerLocalRemoteRandom10/0/1,6,0,2,1.3333333333333333,51,8.5,51,0,0,6,12259.666666666666,23547,8747,12259.666666666666,23547,8747,0,0,0,204092.6,245504
Single_MultiDeviceSchedulerLocalRemoteRandom10/0/0,6,0,3,1.5,60,10.0,60,0,0,6,12801.4,35380,8599,12801.4,35380,8599,0,0,0,206911.2,242711
Single_MultiDeviceSchedulerLocalRemoteRandom03/0/2,2,0,9,4.5,26,13.0,26,0,0,2,58566.230769230766,136870,11540,58566.230769230766,136870,11540,0,0,0,359623.0,359888
Single_MultiDeviceSchedulerLocalRemoteRandom03/0/1,2,0,6,3.0,25,12.5,25,0,0,2,35927.12,85377,9496,35927.12,85377,9496,0,0,0,315859.0,315983
Single_MultiDeviceSchedulerLocalRemoteRandom03/0/0,2,0,4,2.0,18,9.0,18,0,0,2,20830.61111111111,44233,9094,20830.61111111111,44233,9094,0,0,0,227874.0,227934
MultiDeviceSchedulerLocalRemoteRoundRobin03/0/2,2,0,4,3.5,39,19.5,20,0,0,2,20779.938157894736,53643,8936,20779.938157894736,53643,8936,0,0,0,268494.0,271343
MultiDeviceSchedulerLocalRemoteRoundRobin03/0/1,2,0,9,8.0,53,26.5,28,0,0,2,51886.67785714286,128816,9131,51886.67785714286,128816,9131,0,0,0,346045.0,356890
MultiDeviceSchedulerLocalRemoteRoundRobin03/0/0,2,0,5,4.5,46,23.0,25,0,0,2,28547.9,75777,9325,28547.9,75777,9325,0,0,0,276618.5,276741
Single_MultiDeviceSchedulerLocalRemoteRandom06/0/2,4,0,3,1.75,51,12.75,51,0,0,4,19178.49019607843,47893,9086,19178.49019607843,47893,9086,0,0,0,240759.5,266114
Single_MultiDeviceSchedulerLocalRemoteRandom06/0/1,4,0,4,2.0,53,13.25,53,0,0,4,15422.075471698114,44887,8675,15422.075471698114,44887,8675,0,0,0,254308.33333333334,266084
Single_MultiDeviceSchedulerLocalRemoteRandom06/0/0,4,0,4,2.75,49,12.25,49,0,0,4,16080.265306122448,41090,7883,16080.265306122448,41090,7883,0,0,0,224325.66666666666,245416
SingleDeviceSchedulerCloud11/0/2,4,1,9,1.8,368,46.0,51,184,184,5,4982.037365119961,14879,1033,5053.442086834734,14879,1260,4696.41847826087,14417,1033,238326.2,241786
SingleDeviceSchedulerCloud11/0/1,4,1,9,1.8,402,50.25,55,201,201,5,4146.816858891556,14798,886,4225.613113415439,14798,1153,3831.63184079602,14458,886,234603.6,241129
SingleDeviceSchedulerCloud11/0/0,4,1,9,1.8,374,46.75,49,187,187,5,4537.702482899057,13693,1026,4604.602702554303,13693,1181,4270.101604278075,13374,1026,233564.2,237074
Single_MultiDeviceSchedulerLocalRemoteRandom11/0/2,6,0,1,0.8333333333333334,19,3.1666666666666665,19,0,0,6,10044.157894736842,14736,8785,10044.157894736842,14736,8785,0,0,0,153303.4,232387
Single_MultiDeviceSchedulerLocalRemoteRandom11/0/1,6,0,1,0.8333333333333334,19,3.1666666666666665,19,0,0,6,9520.315789473685,11531,8797,9520.315789473685,11531,8797,0,0,0,169845.4,222317
Single_MultiDeviceSchedulerLocalRemoteRandom11/0/0,6,0,1,0.6666666666666666,20,3.3333333333333335,20,0,0,6,10188.35,17101,8739,10188.35,17101,8739,0,0,0,159858.25,236999
EstimatedTimeScheduler20/0/2,8,0,3,2.0,105,13.125,19,0,0,8,13837.157901186789,36507,8845,13837.157901186789,36507,8845,0,0,0,225372.375,250591
EstimatedTimeScheduler20/0/1,8,0,5,2.875,106,13.25,18,0,0,8,15593.721775793652,53852,8999,15593.721775793652,53852,8999,0,0,0,220413.375,250795
EstimatedTimeScheduler20/0/0,8,0,5,3.375,109,13.625,20,0,0,8,18812.987740721288,52550,7402,18812.987740721288,52550,7402,0,0,0,225193.0,253804
MultiDeviceSchedulerLocalRemoteRoundRobin13/0/2,8,0,99,99.0,987,123.375,153,0,0,8,685492.908595271,1505543,9865,685492.908595271,1505543,9865,0,0,0,1714067.125,1751477
MultiDeviceSchedulerLocalRemoteRoundRobin13/0/1,8,0,99,98.875,993,124.125,148,0,0,8,666597.4876544477,1508754,10054,666597.4876544477,1508754,10054,0,0,0,1725933.0,1751521
MultiDeviceSchedulerLocalRemoteRoundRobin13/0/0,8,0,99,97.5,965,120.625,138,0,0,8,580534.836709577,1531526,9733,580534.836709577,1531526,9733,0,0,0,1750360.25,1753049
MultiDeviceSchedulerLocalRemoteRandom01/0/2,2,0,99,49.5,132,66.0,82,0,0,2,811226.601707317,1610128,10027,811226.601707317,1610128,10027,0,0,0,1749238.0,1749380
MultiDeviceSchedulerLocalRemoteRandom01/0/1,2,0,99,96.0,243,121.5,129,0,0,2,571791.3189514484,1249286,9676,571791.3189514484,1249286,9676,0,0,0,1487892.0,1488027
MultiDeviceSchedulerLocalRemoteRandom01/0/0,2,0,99,49.5,138,69.0,77,0,0,2,808079.3378752396,1623688,10131,808079.3378752396,1623688,10131,0,0,0,1749729.0,1749732
MultiDeviceSchedulerLocalRemoteRandom12/0/2,6,0,4,1.6666666666666667,66,11.0,19,0,0,6,15898.851347117794,41664,8752,15898.851347117794,41664,8752,0,0,0,228238.66666666666,254316
MultiDeviceSchedulerLocalRemoteRandom12/0/1,6,0,3,1.5,70,11.666666666666666,19,0,0,6,15274.52648547273,34745,8780,15274.52648547273,34745,8780,0,0,0,223010.83333333334,245361
MultiDeviceSchedulerLocalRemoteRandom12/0/0,6,0,3,1.5,62,10.333333333333334,17,0,0,6,12848.586739567623,30177,8664,12848.586739567623,30177,8664,0,0,0,234992.5,256798
Single_MultiDeviceSchedulerLocalRemoteRandom02/0/2,2,0,9,4.5,35,17.5,35,0,0,2,143465.6,314846,12859,143465.6,314846,12859,0,0,0,551057.0,551130
Single_MultiDeviceSchedulerLocalRemoteRandom02/0/1,2,0,9,4.5,49,24.5,49,0,0,2,202265.89795918367,440113,9995,202265.89795918367,440113,9995,0,0,0,673772.0,673887
Single_MultiDeviceSchedulerLocalRemoteRandom02/0/0,2,0,9,4.5,54,27.0,54,0,0,2,173469.4814814815,389268,9372,173469.4814814815,389268,9372,0,0,0,626431.0,626431
Single_MultiDeviceSchedulerLocalRemoteRoundRobin11/0/2,6,0,1,1.0,26,4.333333333333333,26,0,0,6,9233.846153846154,10351,8696,9233.846153846154,10351,8696,0,0,0,214777.66666666666,239625
Single_MultiDeviceSchedulerLocalRemoteRoundRobin11/0/1,6,0,1,1.0,18,3.0,18,0,0,6,9309.388888888889,10139,8766,9309.388888888889,10139,8766,0,0,0,192000.5,246490
Single_MultiDeviceSchedulerLocalRemoteRoundRobin11/0/0,6,0,1,1.0,19,3.1666666666666665,19,0,0,6,10237.894736842105,17614,8805,10237.894736842105,17614,8805,0,0,0,204663.5,247962
MultiDeviceSchedulerLocalRemoteRoundRobin06/0/2,4,0,9,9.0,173,43.25,52,0,0,4,171574.6109135121,419470,9601,171574.6109135121,419470,9601,0,0,0,629789.0,650194
MultiDeviceSchedulerLocalRemoteRoundRobin06/0/1,4,0,9,9.0,180,45.0,56,0,0,4,173797.72708631947,398918,9035,173797.72708631947,398918,9035,0,0,0,615311.5,625696
MultiDeviceSchedulerLocalRemoteRoundRobin06/0/0,4,0,9,9.0,160,40.0,49,0,0,4,104060.46758394566,241890,9483,104060.46758394566,241890,9483,0,0,0,442129.75,460988
SingleDeviceSchedulerCloud12/0/2,4,1,3,0.6,176,22.0,26,88,88,5,1644.968374958375,3538,918,1714.670695970696,3538,1230,1366.159090909091,3168,918,223852.0,229927
SingleDeviceSchedulerCloud12/0/1,4,1,2,0.4,174,21.75,27,87,87,5,1604.5673446067276,2931,782,1673.2178014480646,2931,1173,1329.9655172413793,2639,782,217475.2,223654
SingleDeviceSchedulerCloud12/0/0,4,1,2,0.4,154,19.25,20,77,77,5,1553.522887521835,3208,831,1619.2834795321637,3208,1095,1290.4805194805194,2932,831,221443.8,230935
SingleDeviceSchedulerCloud17/0/2,8,1,99,11.0,1930,120.625,133,965,965,9,377696.7145510949,752575,2204,377722.21397360874,752575,2583,377492.71917098446,752263,2204,983238.1111111111,990849
SingleDeviceSchedulerCloud17/0/1,8,1,99,11.0,1940,121.25,134,970,970,9,386253.16618863674,762555,1989,386310.2503642782,762555,2283,385796.4927835052,762317,1989,993556.2222222222,1001310
SingleDeviceSchedulerCloud17/0/0,8,1,99,11.0,1960,122.5,141,980,980,9,383263.3393201953,765882,2166,383251.46132705646,765882,2472,383358.3632653061,765506,2166,994530.2222222222,1004488
MultiDeviceSchedulerLocalRemoteRoundRobin05/0/2,4,0,99,94.5,447,111.75,118,0,0,4,709671.221112544,1512355,9909,709671.221112544,1512355,9909,0,0,0,1745583.5,1751493
MultiDeviceSchedulerLocalRemoteRoundRobin05/0/1,4,0,99,99.0,469,117.25,125,0,0,4,731082.3019565644,1512127,10623,731082.3019565644,1512127,10623,0,0,0,1741113.0,1754127
MultiDeviceSchedulerLocalRemoteRoundRobin05/0/0,4,0,99,97.0,482,120.5,137,0,0,4,626025.3748645873,1371227,9553,626025.3748645873,1371227,9553,0,0,0,1595923.25,1608684
MultiDeviceSchedulerLocalRemoteRandom15/0/2,8,0,9,6.0,205,25.625,32,0,0,8,78541.49131155302,394261,9014,78541.49131155302,394261,9014,0,0,0,552586.375,625424
MultiDeviceSchedulerLocalRemoteRandom15/0/1,8,0,9,5.125,174,21.75,30,0,0,8,45005.73177008177,178892,8856,45005.73177008177,178892,8856,0,0,0,351193.0,414721
MultiDeviceSchedulerLocalRemoteRandom15/0/0,8,0,9,6.75,209,26.125,33,0,0,8,62976.199684065934,274322,9183,62976.199684065934,274322,9183,0,0,0,445359.625,511940
Single_MultiDeviceSchedulerLocalRemoteRandom08/0/2,4,0,1,0.75,12,3.0,12,0,0,4,10535.166666666666,16409,8740,10535.166666666666,16409,8740,0,0,0,148858.25,217938
Single_MultiDeviceSchedulerLocalRemoteRandom08/0/1,4,0,1,0.75,13,3.25,13,0,0,4,9871.307692307691,16053,8654,9871.307692307691,16053,8654,0,0,0,193015.0,225401
Single_MultiDeviceSchedulerLocalRemoteRandom08/0/0,4,0,1,0.75,11,2.75,11,0,0,4,9852.90909090909,12977,8676,9852.90909090909,12977,8676,0,0,0,110995.0,225115
Single_MultiDeviceSchedulerLocalRemoteRandom01/0/2,2,0,9,4.5,110,55.0,110,0,0,2,606878.2181818181,1248766,9735,606878.2181818181,1248766,9735,0,0,0,1485784.0,1485890
Single_MultiDeviceSchedulerLocalRemoteRandom01/0/1,2,0,9,4.5,105,52.5,105,0,0,2,500371.73333333334,1058192,9827,500371.73333333334,1058192,9827,0,0,0,1294880.0,1294880
Single_MultiDeviceSchedulerLocalRemoteRandom01/0/0,2,0,9,4.5,107,53.5,107,0,0,2,538430.2056074766,1133602,10097,538430.2056074766,1133602,10097,0,0,0,1370438.5,1370533
Single_MultiDeviceSchedulerLocalRemoteRandom07/0/2,4,0,2,1.0,21,5.25,21,0,0,4,11905.809523809523,24934,8855,11905.809523809523,24934,8855,0,0,0,161373.25,202673
Single_MultiDeviceSchedulerLocalRemoteRandom07/0/1,4,0,3,1.25,20,5.0,20,0,0,4,13119.2,29596,8563,13119.2,29596,8563,0,0,0,184470.33333333334,227075
Single_MultiDeviceSchedulerLocalRemoteRandom07/0/0,4,0,1,0.75,19,4.75,19,0,0,4,9594.0,17676,8625,9594.0,17676,8625,0,0,0,213092.0,228976
SingleDeviceSchedulerCloud08/0/2,2,1,1,0.3333333333333333,42,10.5,14,21,21,3,1255.047619047619,2328,683,1379.7857142857142,2328,935,1005.5714285714286,2037,683,220686.66666666666,232968
SingleDeviceSchedulerCloud08/0/1,2,1,1,0.3333333333333333,40,10.0,11,20,20,3,1234.8134680134679,2486,759,1349.0202020202019,2486,1109,1006.4,2196,759,217791.0,231767
SingleDeviceSchedulerCloud08/0/0,2,1,1,0.3333333333333333,36,9.0,13,18,18,3,1219.25754985755,2234,648,1302.3307692307694,2234,894,1053.111111111111,1957,648,208106.66666666666,217942
MultiDeviceSchedulerLocalRemoteRoundRobin15/0/2,8,0,8,5.875,195,24.375,31,0,0,8,48344.11102351861,126903,9092,48344.11102351861,126903,9092,0,0,0,323797.625,355142
MultiDeviceSchedulerLocalRemoteRoundRobin15/0/1,8,0,7,4.25,183,22.875,29,0,0,8,36293.5274664751,110252,9246,36293.5274664751,110252,9246,0,0,0,306042.625,339750
MultiDeviceSchedulerLocalRemoteRoundRobin15/0/0,8,0,8,6.125,198,24.75,34,0,0,8,46672.60420257771,130845,8920,46672.60420257771,130845,8920,0,0,0,329839.375,369611
SingleDeviceSchedulerLocal02/0/2,1,0,9,9.0,42,42.0,42,0,0,1,177536.52380952382,331602,11981,177536.52380952382,331602,11981,0,0,0,563841.0,563841
SingleDeviceSchedulerLocal02/0/1,1,0,9,9.0,53,53.0,53,0,0,1,244561.6603773585,473057,12012,244561.6603773585,473057,12012,0,0,0,705226.0,705226
SingleDeviceSchedulerLocal02/0/0,1,0,9,9.0,43,43.0,43,0,0,1,129767.09302325582,277181,9600,129767.09302325582,277181,9600,0,0,0,506821.0,506821
MultiDeviceSchedulerLocalRemoteRoundRobin04/0/2,2,0,2,2.0,33,16.5,21,0,0,2,14645.952380952382,31187,9182,14645.952380952382,31187,9182,0,0,0,258135.5,263413
MultiDeviceSchedulerLocalRemoteRoundRobin04/0/1,2,0,1,1.0,33,16.5,19,0,0,2,11637.090225563908,19624,8911,11637.090225563908,19624,8911,0,0,0,255454.5,255542
MultiDeviceSchedulerLocalRemoteRoundRobin04/0/0,2,0,2,1.5,31,15.5,16,0,0,2,10424.083333333332,18625,8640,10424.083333333332,18625,8640,0,0,0,250070.0,251850
Single_MultiDeviceSchedulerLocalRemoteRandom15/0/2,8,0,1,0.875,33,4.125,33,0,0,8,9820.060606060606,18421,8659,9820.060606060606,18421,8659,0,0,0,169665.14285714287,213567
Single_MultiDeviceSchedulerLocalRemoteRandom15/0/1,8,0,1,0.75,23,2.875,23,0,0,8,9933.260869565218,16871,8748,9933.260869565218,16871,8748,0,0,0,148653.83333333334,215160
Single_MultiDeviceSchedulerLocalRemoteRandom15/0/0,8,0,1,0.875,26,3.25,26,0,0,8,10084.076923076924,17221,8674,10084.076923076924,17221,8674,0,0,0,154294.85714285713,213193
MultiDeviceSchedulerLocalRemoteRoundRobin09/0/2,6,0,99,97.0,701,116.83333333333333,127,0,0,6,679946.870908562,1520498,10055,679946.870908562,1520498,10055,0,0,0,1736193.3333333333,1749960
MultiDeviceSchedulerLocalRemoteRoundRobin09/0/1,6,0,96,79.16666666666667,679,113.16666666666667,125,0,0,6,643723.1188573529,1501387,10101,643723.1188573529,1501387,10101,0,0,0,1714494.8333333333,1748817
MultiDeviceSchedulerLocalRemoteRoundRobin09/0/0,6,0,96,93.0,702,117.0,125,0,0,6,570697.233707575,1332788,9763,570697.233707575,1332788,9763,0,0,0,1542621.5,1565549
SingleDeviceSchedulerCloud18/0/2,8,1,99,11.0,752,47.0,55,376,376,9,76376.34482761082,153341,1952,76336.13460659409,153341,2227,76698.02659574468,152998,1952,380321.6666666667,392583
SingleDeviceSchedulerCloud18/0/1,8,1,99,11.0,818,51.125,57,409,409,9,97063.35429693558,190506,1932,97103.02939089849,190506,2206,96745.95354523227,190121,1932,421308.8888888889,429829
SingleDeviceSchedulerCloud18/0/0,8,1,99,11.0,770,48.125,55,385,385,9,84514.75165496104,162758,2086,84539.5709365065,162758,2298,84316.1974025974,162478,2086,387724.8888888889,402416
SingleDeviceSchedulerCloud09/0/2,4,1,2,0.4,94,11.75,14,47,47,5,1426.1116210739615,2773,710,1497.0065476190475,2773,978,1142.531914893617,2564,710,201417.0,223457
SingleDeviceSchedulerCloud09/0/1,4,1,3,0.6,100,12.5,17,50,50,5,1588.3621595136888,4400,7,1662.3626993921112,4400,275,1292.36,4128,7,197235.0,218278
SingleDeviceSchedulerCloud09/0/0,4,1,2,0.4,108,13.5,18,54,54,5,1556.0134391534389,3228,813,1620.2297619047617,3228,1098,1299.148148148148,2816,813,199167.8,228054
Single_MultiDeviceSchedulerLocalRemoteRoundRobin12/0/2,6,0,1,1.0,11,1.8333333333333333,11,0,0,6,9599.636363636364,10252,8844,9599.636363636364,10252,8844,0,0,0,105350.5,225934
Single_MultiDeviceSchedulerLocalRemoteRoundRobin12/0/1,6,0,1,1.0,11,1.8333333333333333,11,0,0,6,9568.636363636364,10660,9004,9568.636363636364,10660,9004,0,0,0,149178.16666666666,235846
Single_MultiDeviceSchedulerLocalRemoteRoundRobin12/0/0,6,0,1,1.0,16,2.6666666666666665,16,0,0,6,9367.5625,10423,8693,9367.5625,10423,8693,0,0,0,154530.66666666666,239465
Single_EstimatedTimeScheduler18/0/2,8,0,3,2.0,60,7.5,60,0,0,8,16211.1,39112,8984,16211.1,39112,8984,0,0,0,143900.25,249468
Single_EstimatedTimeScheduler18/0/1,8,0,6,3.125,65,8.125,65,0,0,8,19756.707692307693,64425,9050,19756.707692307693,64425,9050,0,0,0,134167.5,260875
Single_EstimatedTimeScheduler18/0/0,8,0,4,1.875,49,6.125,49,0,0,8,15338.081632653062,44396,8984,15338.081632653062,44396,8984,0,0,0,122582.75,241945
Single_MultiDeviceSchedulerLocalRemoteRoundRobin15/0/2,8,0,1,1.0,32,4.0,32,0,0,8,9488.21875,11664,8722,9488.21875,11664,8722,0,0,0,195348.0,230021
Single_MultiDeviceSchedulerLocalRemoteRoundRobin15/0/1,8,0,1,1.0,24,3.0,24,0,0,8,9435.25,10656,8736,9435.25,10656,8736,0,0,0,161499.5,225731
Single_MultiDeviceSchedulerLocalRemoteRoundRobin15/0/0,8,0,1,1.0,25,3.125,25,0,0,8,9226.52,10350,8687,9226.52,10350,8687,0,0,0,150151.125,205468
MultiDeviceSchedulerLocalRemoteRandom08/0/2,4,0,3,2.0,52,13.0,15,0,0,4,14140.688344988346,29974,9053,14140.688344988346,29974,9053,0,0,0,205852.75,221933
MultiDeviceSchedulerLocalRemoteRandom08/0/1,4,0,6,4.25,59,14.75,18,0,0,4,29303.773237179485,61020,9055,29303.773237179485,61020,9055,0,0,0,241519.0,271039
MultiDeviceSchedulerLocalRemoteRandom08/0/0,4,0,5,2.75,53,13.25,17,0,0,4,20702.38382352941,68431,9023,20702.38382352941,68431,9023,0,0,0,248884.25,276116
EstimatedTimeScheduler06/0/2,2,0,9,9.0,94,47.0,47,0,0,2,170952.3404255319,371404,9856,170952.3404255319,371404,9856,0,0,0,596985.5,599404
EstimatedTimeScheduler06/0/1,2,0,9,9.0,107,53.5,55,0,0,2,204828.15192307692,415584,9562,204828.15192307692,415584,9562,0,0,0,643050.0,651303
EstimatedTimeScheduler06/0/0,2,0,9,9.0,95,47.5,49,0,0,2,156432.38198757765,346198,9150,156432.38198757765,346198,9150,0,0,0,560713.0,576798
MultiDeviceSchedulerLocalRemoteRandom14/0/0,
0,0,0,0,0,0,0,0,0,0,0,0,0,0,0,0,0,0,0,0,0
Single_EstimatedTimeSchedulerCloud05/0/2,
0,0,0,0,0,0,0,0,0,0,0,0,0,0,0,0,0,0,0,0,0
Single_EstimatedTimeSchedulerCloud05/0/1,2,1,9,7.333333333333333,209,58.5,117,92,92,3,8404.75478446674,128695,968,15224.324786324787,128695,1223,1585.1847826086957,4740,968,185514.66666666666,237514
Single_EstimatedTimeSchedulerCloud05/0/0,2,1,8,6.0,204,55.5,111,93,93,3,5042.196454519035,86287,884,8490.414414414414,86287,1160,1593.978494623656,4755,884,167211.33333333334,229219
SingleDeviceSchedulerCloud20/0/2,8,1,2,0.2222222222222222,198,12.375,16,99,99,9,1666.308676046176,3164,777,1704.2146847943723,3164,1117,1363.060606060606,2676,777,207670.55555555556,237891
SingleDeviceSchedulerCloud20/0/1,8,1,3,0.3333333333333333,182,11.375,15,91,91,9,1729.9083435083437,3601,746,1772.5919413919414,3601,1096,1388.4395604395604,3107,746,210647.88888888888,237687
SingleDeviceSchedulerCloud20/0/0,8,1,3,0.3333333333333333,184,11.5,16,92,92,9,1601.2893377154248,3545,769,1638.4083853646355,3545,1135,1304.3369565217392,3244,769,202060.55555555556,230644
EstimatedTimeScheduler07/0/2,2,0,4,3.5,44,22.0,25,0,0,2,20258.063157894736,47805,8724,20258.063157894736,47805,8724,0,0,0,275355.5,279706
EstimatedTimeScheduler07/0/1,2,0,5,4.5,52,26.0,31,0,0,2,23823.42089093702,54891,9014,23823.42089093702,54891,9014,0,0,0,285275.5,289778
EstimatedTimeScheduler07/0/0,2,0,4,4.0,37,18.5,23,0,0,2,18863.874223602485,42846,8825,18863.874223602485,42846,8825,0,0,0,255833.5,263902
EstimatedTimeScheduler16/0/2,6,0,4,2.3333333333333335,67,11.166666666666666,13,0,0,6,48206.21542346542,604193,8885,48206.21542346542,604193,8885,0,0,0,468327.6666666667,1098834
EstimatedTimeScheduler16/0/1,6,0,9,3.3333333333333335,61,10.166666666666666,15,0,0,6,27654.556099456095,426874,8991,27654.556099456095,426874,8991,0,0,0,449866.0,767369
EstimatedTimeScheduler16/0/0,6,0,6,2.5,72,12.0,14,0,0,6,20276.655952380952,233243,8817,20276.655952380952,233243,8817,0,0,0,493813.8333333333,1732510
Single_MultiDeviceSchedulerLocalRemoteRandom14/0/2,8,0,2,1.125,54,6.75,54,0,0,8,12335.166666666666,24866,8816,12335.166666666666,24866,8816,0,0,0,191326.0,248808
Single_MultiDeviceSchedulerLocalRemoteRandom14/0/1,8,0,2,1.0,49,6.125,49,0,0,8,10437.918367346938,20421,8702,10437.918367346938,20421,8702,0,0,0,210479.2857142857,243557
Single_MultiDeviceSchedulerLocalRemoteRandom14/0/0,8,0,2,1.0,48,6.0,48,0,0,8,10962.854166666666,23915,8816,10962.854166666666,23915,8816,0,0,0,178508.42857142858,251977
MultiDeviceSchedulerLocalRemoteRandom04/0/2,2,0,1,1.0,19,9.5,10,0,0,2,9539.716666666667,12017,8630,9539.716666666667,12017,8630,0,0,0,240553.0,240556
MultiDeviceSchedulerLocalRemoteRandom04/0/1,2,0,1,1.0,18,9.0,10,0,0,2,10311.8375,17751,8727,10311.8375,17751,8727,0,0,0,233822.5,233940
MultiDeviceSchedulerLocalRemoteRandom04/0/0,2,0,1,0.5,17,8.5,10,0,0,2,10885.642857142857,17776,8584,10885.642857142857,17776,8584,0,0,0,217639.5,240048
EstimatedTimeScheduler10/2/2,4,0,99,99.0,276,69.0,91,0,0,4,627583.6739185255,1541562,20099,627583.6739185255,1541562,20099,0,0,0,1451777.5,1748678
EstimatedTimeScheduler10/2/1,4,0,99,99.0,281,70.25,89,0,0,4,619385.4407092063,1548919,20458,619385.4407092063,1548919,20458,0,0,0,1451875.0,1748917
EstimatedTimeScheduler10/2/0,4,0,99,99.0,279,69.75,93,0,0,4,635813.5762468922,1538055,20350,635813.5762468922,1538055,20350,0,0,0,1451324.5,1750336
EstimatedTimeScheduler10/1/2,4,0,99,99.0,119,29.75,34,0,0,4,264102.57822053554,508153,19814,264102.57822053554,508153,19814,0,0,0,551884.0,573597
EstimatedTimeScheduler10/1/1,4,0,99,98.75,118,29.5,35,0,0,4,253964.62888986018,488170,19794,253964.62888986018,488170,19794,0,0,0,543527.5,565957
EstimatedTimeScheduler10/1/0,4,0,99,98.0,121,30.25,36,0,0,4,261311.25748968468,511126,20083,261311.25748968468,511126,20083,0,0,0,548017.5,565137
EstimatedTimeScheduler10/0/2,4,0,99,99.0,199,49.75,66,0,0,4,472445.4131609618,1545875,20134,472445.4131609618,1545875,20134,0,0,0,1152574.0,1748195
EstimatedTimeScheduler10/0/1,4,0,99,76.5,195,48.75,73,0,0,4,466828.89306642744,1534628,20235,466828.89306642744,1534628,20235,0,0,0,1154549.75,1747086
EstimatedTimeScheduler10/0/0,4,0,99,76.5,193,48.25,67,0,0,4,477138.21140124806,1537690,19550,477138.21140124806,1537690,19550,0,0,0,1157086.25,1748414
EstimatedTimeScheduler05/0/2,2,0,90,49.5,217,108.5,117,0,0,2,542924.4173931624,1120267,10069,542924.4173931624,1120267,10069,0,0,0,1358701.5,1359564
EstimatedTimeScheduler05/0/1,2,0,92,50.5,223,111.5,114,0,0,2,542830.0058345405,1140311,9990,542830.0058345405,1140311,9990,0,0,0,1376770.5,1377634
EstimatedTimeScheduler05/0/0,2,0,91,50.0,220,110.0,114,0,0,2,483144.1041046011,1007233,9703,483144.1041046011,1007233,9703,0,0,0,1226511.5,1238338
SingleDeviceSchedulerCloud10/0/2,4,1,99,19.8,918,114.75,136,459,459,5,122780.32757554646,238778,1972,122773.15674612153,238778,2218,122809.01089324619,238487,1972,474186.0,476511
SingleDeviceSchedulerCloud10/0/1,4,1,99,19.8,970,121.25,136,485,485,5,135516.08868646275,266387,1902,135571.33508488256,266387,2178,135295.1030927835,266047,1902,498026.8,502453
SingleDeviceSchedulerCloud10/0/0,4,1,99,19.8,936,117.0,129,468,468,5,121901.73628263522,243548,2216,121966.32259688377,243548,2533,121643.39102564103,243305,2216,476737.2,482141
EstimatedTimeScheduler15/0/2,6,0,9,7.166666666666667,144,24.0,30,0,0,6,37200.95835529205,112418,9058,37200.95835529205,112418,9058,0,0,0,284441.3333333333,293781
EstimatedTimeScheduler15/0/1,6,0,7,5.166666666666667,140,23.333333333333332,31,0,0,6,26686.651693432013,76652,9001,26686.651693432013,76652,9001,0,0,0,260011.5,272096
EstimatedTimeScheduler15/0/0,6,0,2,1.8333333333333333,117,19.5,27,0,0,6,5983.973458707154,30732,102,5983.973458707154,30732,102,0,0,0,193254.33333333334,229168
SingleDeviceSchedulerCloud07/0/2,2,1,2,0.6666666666666666,118,29.5,32,59,59,3,1436.3406308851224,2725,701,1547.6041666666665,2725,1034,1213.8135593220338,2408,701,228451.33333333334,232023
SingleDeviceSchedulerCloud07/0/1,2,1,2,0.6666666666666666,116,29.0,29,58,58,3,1377.781609195402,2943,691,1473.2241379310344,2943,985,1186.896551724138,2750,691,222506.66666666666,227788
SingleDeviceSchedulerCloud07/0/0,2,1,2,0.6666666666666666,124,31.0,32,62,62,3,1434.8227822580648,3082,725,1549.040625,3082,1026,1206.3870967741937,2883,725,230787.0,231940
MultiDeviceSchedulerLocalRemoteRandom16/0/2,8,0,5,2.0,105,13.125,17,0,0,8,17021.839784663865,77012,8822,17021.839784663865,77012,8822,0,0,0,248249.25,286049
MultiDeviceSchedulerLocalRemoteRandom16/0/1,8,0,2,1.375,90,11.25,16,0,0,8,14291.147269570707,35987,6996,14291.147269570707,35987,6996,0,0,0,235193.125,258604
MultiDeviceSchedulerLocalRemoteRandom16/0/0,8,0,3,1.875,101,12.625,17,0,0,8,14350.29147323265,36555,8725,14350.29147323265,36555,8725,0,0,0,244248.25,266080
Single_MultiDeviceSchedulerLocalRemoteRoundRobin02/0/2,2,0,9,8.5,59,29.5,59,0,0,2,78574.81355932204,207736,10118,78574.81355932204,207736,10118,0,0,0,428054.5,428161
Single_MultiDeviceSchedulerLocalRemoteRoundRobin02/0/1,2,0,8,5.5,50,25.0,50,0,0,2,41595.66,136121,8975,41595.66,136121,8975,0,0,0,356740.5,362021
Single_MultiDeviceSchedulerLocalRemoteRoundRobin02/0/0,2,0,9,6.5,54,27.0,54,0,0,2,54001.87037037037,172242,8946,54001.87037037037,172242,8946,0,0,0,389692.5,389771
Single_MultiDeviceSchedulerLocalRemoteRandom13/0/2,8,0,5,2.25,119,14.875,119,0,0,8,20108.73949579832,80041,9169,20108.73949579832,80041,9169,0,0,0,242246.85714285713,292242
Single_MultiDeviceSchedulerLocalRemoteRandom13/0/1,8,0,4,2.0,110,13.75,110,0,0,8,18009.745454545453,52925,8888,18009.745454545453,52925,8888,0,0,0,237000.2857142857,283598
Single_MultiDeviceSchedulerLocalRemoteRandom13/0/0,8,0,7,3.0,129,16.125,129,0,0,8,26211.007751937985,108360,8988,26211.007751937985,108360,8988,0,0,0,261939.85714285713,336893
EstimatedTimeScheduler08/0/2,2,0,2,2.0,21,10.5,13,0,0,2,11890.725961538461,23820,8740,11890.725961538461,23820,8740,0,0,0,219048.5,239289
EstimatedTimeScheduler08/0/1,2,0,2,2.0,20,10.0,12,0,0,2,12608.375,23062,8941,12608.375,23062,8941,0,0,0,190838.5,205711
EstimatedTimeScheduler08/0/0,2,0,3,2.5,17,8.5,9,0,0,2,14770.291666666668,31676,8914,14770.291666666668,31676,8914,0,0,0,179707.5,188663
Single_MultiDeviceSchedulerLocalRemoteRoundRobin10/0/2,6,0,1,1.0,38,6.333333333333333,38,0,0,6,9296.473684210527,10550,8675,9296.473684210527,10550,8675,0,0,0,202837.33333333334,225769
Single_MultiDeviceSchedulerLocalRemoteRoundRobin10/0/1,6,0,1,1.0,45,7.5,45,0,0,6,9127.2,10540,8613,9127.2,10540,8613,0,0,0,229595.33333333334,244587
Single_MultiDeviceSchedulerLocalRemoteRoundRobin10/0/0,6,0,1,1.0,38,6.333333333333333,38,0,0,6,9217.28947368421,10151,8648,9217.28947368421,10151,8648,0,0,0,210981.5,229850
EstimatedTimeScheduler09/0/2,4,0,3,2.25,56,14.0,19,0,0,4,13906.533689994216,32570,8892,13906.533689994216,32570,8892,0,0,0,220604.25,230811
EstimatedTimeScheduler09/0/1,4,0,2,1.25,52,13.0,17,0,0,4,12461.20207733443,19030,8863,12461.20207733443,19030,8863,0,0,0,228008.25,240000
EstimatedTimeScheduler09/0/0,4,0,2,1.5,42,10.5,13,0,0,4,13147.963034188033,26973,8971,13147.963034188033,26973,8971,0,0,0,210758.25,231792
SingleDeviceSchedulerCloud02/0/2,1,1,1,0.5,90,45.0,45,45,45,2,1316.1888888888889,2815,774,1488.8444444444444,2815,1086,1143.5333333333333,2475,774,219873.5,220055
SingleDeviceSchedulerCloud02/0/1,1,1,2,1.0,90,45.0,45,45,45,2,1308.7333333333333,2686,790,1476.9777777777779,2686,1088,1140.4888888888888,2374,790,235642.0,235813
SingleDeviceSchedulerCloud02/0/0,1,1,1,0.5,102,51.0,51,51,51,2,1315.5392156862745,2829,721,1488.7254901960785,2829,1008,1142.3529411764705,2523,721,236431.5,236606
Single_EstimatedTimeScheduler09/0/2,4,0,2,1.25,19,4.75,19,0,0,4,11664.736842105263,21831,8692,11664.736842105263,21831,8692,0,0,0,83043.0,245293
Single_EstimatedTimeScheduler09/0/1,4,0,2,1.5,20,5.0,20,0,0,4,11886.75,22859,8752,11886.75,22859,8752,0,0,0,79437.0,245901
Single_EstimatedTimeScheduler09/0/0,4,0,4,2.0,22,5.5,22,0,0,4,13389.545454545454,37690,8705,13389.545454545454,37690,8705,0,0,0,114469.5,246532
Single_MultiDeviceSchedulerLocalRemoteRoundRobin04/0/2,2,0,1,1.0,10,5.0,10,0,0,2,9099.3,9974,8733,9099.3,9974,8733,0,0,0,228254.0,228706
Single_MultiDeviceSchedulerLocalRemoteRoundRobin04/0/1,2,0,1,1.0,12,6.0,12,0,0,2,10110.083333333334,18503,8755,10110.083333333334,18503,8755,0,0,0,230885.0,233000
Single_MultiDeviceSchedulerLocalRemoteRoundRobin04/0/0,2,0,1,1.0,18,9.0,18,0,0,2,9490.0,13119,8814,9490.0,13119,8814,0,0,0,225895.0,232261
MultiDeviceSchedulerLocalRemoteRandom13/0/2,8,0,99,86.625,891,111.375,120,0,0,8,741261.9984649562,1554831,9917,741261.9984649562,1554831,9917,0,0,0,1754971.375,1761832
MultiDeviceSchedulerLocalRemoteRandom13/0/1,8,0,99,76.5,907,113.375,124,0,0,8,674367.7674757473,1538228,9637,674367.7674757473,1538228,9637,0,0,0,1753377.125,1760041
MultiDeviceSchedulerLocalRemoteRandom13/0/0,8,0,99,85.125,861,107.625,121,0,0,8,701243.1498343984,1558360,9944,701243.1498343984,1558360,9944,0,0,0,1750461.5,1752420
MultiDeviceSchedulerLocalRemoteRoundRobin07/0/2,4,0,4,3.0,81,20.25,25,0,0,4,19821.122822966507,52204,9153,19821.122822966507,52204,9153,0,0,0,258485.75,259740
MultiDeviceSchedulerLocalRemoteRoundRobin07/0/1,4,0,5,3.75,86,21.5,25,0,0,4,25129.257997076023,74759,9071,25129.257997076023,74759,9071,0,0,0,278661.5,305144
MultiDeviceSchedulerLocalRemoteRoundRobin07/0/0,4,0,3,2.75,83,20.75,27,0,0,4,17724.379106280194,43594,8756,17724.379106280194,43594,8756,0,0,0,256126.75,272754
Single_MultiDeviceSchedulerLocalRemoteRoundRobin07/0/2,4,0,1,1.0,23,5.75,23,0,0,4,9071.130434782608,10372,8731,9071.130434782608,10372,8731,0,0,0,190010.75,224887
Single_MultiDeviceSchedulerLocalRemoteRoundRobin07/0/1,4,0,1,1.0,22,5.5,22,0,0,4,9143.272727272728,10495,8684,9143.272727272728,10495,8684,0,0,0,187113.5,212193
Single_MultiDeviceSchedulerLocalRemoteRoundRobin07/0/0,4,0,1,1.0,33,8.25,33,0,0,4,9098.242424242424,10245,8602,9098.242424242424,10245,8602,0,0,0,209705.0,231741
Single_EstimatedTimeScheduler07/0/2,2,0,3,2.5,23,11.5,23,0,0,2,15469.04347826087,40745,9163,15469.04347826087,40745,9163,0,0,0,223322.5,233192
Single_EstimatedTimeScheduler07/0/1,2,0,2,1.5,24,12.0,24,0,0,2,13111.666666666666,22684,8838,13111.666666666666,22684,8838,0,0,0,230592.5,236949
Single_EstimatedTimeScheduler07/0/0,2,0,2,1.5,21,10.5,21,0,0,2,12420.666666666666,25659,8657,12420.666666666666,25659,8657,0,0,0,224587.5,224672
Single_EstimatedTimeScheduler13/0/2,6,0,9,5.0,112,18.666666666666668,112,0,0,6,25042.008928571428,92061,9211,25042.008928571428,92061,9211,0,0,0,221083.33333333334,268567
Single_EstimatedTimeScheduler13/0/1,6,0,9,4.333333333333333,108,18.0,108,0,0,6,22465.037037037036,93322,8882,22465.037037037036,93322,8882,0,0,0,222190.83333333334,253658
Single_EstimatedTimeScheduler13/0/0,6,0,9,6.333333333333333,131,21.833333333333332,131,0,0,6,28719.465648854963,90493,8970,28719.465648854963,90493,8970,0,0,0,228946.0,269983
Single_EstimatedTimeScheduler06/0/2,2,0,6,6.0,50,25.0,50,0,0,2,42986.76,93775,9063,42986.76,93775,9063,0,0,0,305491.5,315335
Single_EstimatedTimeScheduler06/0/1,2,0,9,9.0,59,29.5,59,0,0,2,62864.86440677966,138516,9477,62864.86440677966,138516,9477,0,0,0,357988.0,367284
Single_EstimatedTimeScheduler06/0/0,2,0,3,3.0,44,22.0,44,0,0,2,16950.659090909092,36221,8647,16950.659090909092,36221,8647,0,0,0,243132.0,251925
Single_EstimatedTimeScheduler15/0/2,6,0,1,1.0,23,3.8333333333333335,23,0,0,6,12112.217391304348,21095,8889,12112.217391304348,21095,8889,0,0,0,55807.833333333336,208471
Single_EstimatedTimeScheduler15/0/1,6,0,2,1.3333333333333333,24,4.0,24,0,0,6,12505.291666666666,24837,8984,12505.291666666666,24837,8984,0,0,0,119662.5,233531
Single_EstimatedTimeScheduler15/0/0,6,0,3,1.8333333333333333,28,4.666666666666667,28,0,0,6,15648.035714285714,34605,8818,15648.035714285714,34605,8818,0,0,0,57196.5,225185
Single_MultiDeviceSchedulerLocalRemoteRandom16/0/2,8,0,2,0.875,15,1.875,15,0,0,8,10592.466666666667,18690,8758,10592.466666666667,18690,8758,0,0,0,115413.0,247479
Single_MultiDeviceSchedulerLocalRemoteRandom16/0/1,8,0,1,0.75,9,1.125,9,0,0,8,10028.666666666666,13373,8824,10028.666666666666,13373,8824,0,0,0,54961.833333333336,207134
Single_MultiDeviceSchedulerLocalRemoteRandom16/0/0,8,0,1,0.75,9,1.125,9,0,0,8,9762.0,10589,8666,9762.0,10589,8666,0,0,0,62044.28571428572,206281
Single_MultiDeviceSchedulerLocalRemoteRandom12/0/2,6,0,1,0.8333333333333334,12,2.0,12,0,0,6,9462.166666666666,10141,8845,9462.166666666666,10141,8845,0,0,0,93756.8,213029
Single_MultiDeviceSchedulerLocalRemoteRandom12/0/1,6,0,1,0.5,11,1.8333333333333333,11,0,0,6,9058.181818181818,9759,8649,9058.181818181818,9759,8649,0,0,0,201275.33333333334,218213
Single_MultiDeviceSchedulerLocalRemoteRandom12/0/0,6,0,1,0.8333333333333334,13,2.1666666666666665,13,0,0,6,9474.076923076924,10606,8874,9474.076923076924,10606,8874,0,0,0,145932.8,240392
Single_MultiDeviceSchedulerLocalRemoteRoundRobin16/0/2,8,0,1,1.0,9,1.125,9,0,0,8,9812.111111111111,10399,9456,9812.111111111111,10399,9456,0,0,0,65200.75,232210
Single_MultiDeviceSchedulerLocalRemoteRoundRobin16/0/1,8,0,1,1.0,11,1.375,11,0,0,8,9591.0,10491,8771,9591.0,10491,8771,0,0,0,113174.25,235151
Single_MultiDeviceSchedulerLocalRemoteRoundRobin16/0/0,8,0,1,1.0,16,2.0,16,0,0,8,9466.3125,10912,8693,9466.3125,10912,8693,0,0,0,177698.0,239728
Single_EstimatedTimeScheduler16/0/2,6,0,2,1.1666666666666667,11,1.8333333333333333,11,0,0,6,12031.181818181818,24093,9057,12031.181818181818,24093,9057,0,0,0,47352.833333333336,207191
Single_EstimatedTimeScheduler16/0/1,6,0,2,1.1666666666666667,15,2.5,15,0,0,6,11680.466666666667,20903,8913,11680.466666666667,20903,8913,0,0,0,99752.83333333333,225458
Single_EstimatedTimeScheduler16/0/0,6,0,1,1.0,9,1.5,9,0,0,6,11353.333333333334,18513,8954,11353.333333333334,18513,8954,0,0,0,65537.83333333333,217004
Single_MultiDeviceSchedulerLocalRemoteRoundRobin08/0/2,4,0,1,1.0,7,1.75,7,0,0,4,9664.57142857143,10505,9004,9664.57142857143,10505,9004,0,0,0,97961.0,141873
Single_MultiDeviceSchedulerLocalRemoteRoundRobin08/0/1,4,0,1,1.0,10,2.5,10,0,0,4,9488.5,10865,8797,9488.5,10865,8797,0,0,0,175326.75,213976
Single_MultiDeviceSchedulerLocalRemoteRoundRobin08/0/0,4,0,1,1.0,8,2.0,8,0,0,4,9435.625,10282,8709,9435.625,10282,8709,0,0,0,133628.75,188654
SingleDeviceSchedulerCloud01/0/2,1,1,3,1.5,210,105.0,105,105,105,2,1644.4904761904763,3590,738,1793.057142857143,3590,995,1495.9238095238095,3434,738,236686.0,236862
SingleDeviceSchedulerCloud01/0/1,1,1,5,2.5,214,107.0,107,107,107,2,1729.1728971962616,5415,989,1883.5514018691588,5415,1175,1574.7943925233644,5223,989,238072.0,238218
SingleDeviceSchedulerCloud01/0/0,1,1,5,2.5,246,123.0,123,123,123,2,1974.9634146341464,5433,774,2141.528455284553,5433,1182,1808.39837398374,5222,774,241313.5,241482
MultiDeviceSchedulerLocalRemoteRoundRobin10/0/2,6,0,9,9.0,274,45.666666666666664,50,0,0,6,169291.2612085597,579058,9331,169291.2612085597,579058,9331,0,0,0,760045.8333333334,810206
MultiDeviceSchedulerLocalRemoteRoundRobin10/0/1,6,0,9,9.0,266,44.333333333333336,53,0,0,6,165961.69500413095,412535,9638,165961.69500413095,412535,9638,0,0,0,610520.3333333334,642518
MultiDeviceSchedulerLocalRemoteRoundRobin10/0/0,6,0,9,9.0,283,47.166666666666664,59,0,0,6,188516.32740737146,618001,9716,188516.32740737146,618001,9716,0,0,0,805469.0,838260
SingleDeviceSchedulerRemote04/0/2,2,0,2,1.0,15,7.5,15,0,0,2,15959.533333333333,31555,9082,15959.533333333333,31555,9082,0,0,0,235390.0,235484
SingleDeviceSchedulerRemote04/0/1,2,0,3,1.5,13,6.5,13,0,0,2,15118.0,32526,8939,15118.0,32526,8939,0,0,0,196195.0,196257
SingleDeviceSchedulerRemote04/0/0,2,0,3,1.5,12,6.0,12,0,0,2,16836.75,32254,8774,16836.75,32254,8774,0,0,0,242588.5,242685
MultiDeviceSchedulerLocalRemoteRandom03/0/2,2,0,9,4.5,54,27.0,30,0,0,2,129222.15416666667,290732,9449,129222.15416666667,290732,9449,0,0,0,523152.5,528367
MultiDeviceSchedulerLocalRemoteRandom03/0/1,2,0,9,4.5,49,24.5,26,0,0,2,170050.14464882942,330377,10085,170050.14464882942,330377,10085,0,0,0,1052091.5,1498125
MultiDeviceSchedulerLocalRemoteRandom03/0/0,2,0,8,6.0,53,26.5,29,0,0,2,35383.316091954024,93917,8997,35383.316091954024,93917,8997,0,0,0,329564.5,329653
EstimatedTimeScheduler12/0/2,4,0,8,7.5,103,25.75,28,0,0,4,47429.6001984127,103423,9325,47429.6001984127,103423,9325,0,0,0,306994.5,321533
EstimatedTimeScheduler12/0/1,4,0,9,8.0,109,27.25,31,0,0,4,48168.65415307235,133491,9098,48168.65415307235,133491,9098,0,0,0,337224.5,361367
EstimatedTimeScheduler12/0/0,4,0,9,8.0,114,28.5,33,0,0,4,55217.378393308085,108494,9594,55217.378393308085,108494,9594,0,0,0,303528.25,319202
MultiDeviceSchedulerLocalRemoteRoundRobin02/0/2,2,0,9,9.0,88,44.0,51,0,0,2,178904.13487016427,429104,10397,178904.13487016427,429104,10397,0,0,0,665621.5,666303
MultiDeviceSchedulerLocalRemoteRoundRobin02/0/1,2,0,9,9.0,98,49.0,54,0,0,2,211311.76557239058,472512,11102,211311.76557239058,472512,11102,0,0,0,695624.5,711390
MultiDeviceSchedulerLocalRemoteRoundRobin02/0/0,2,0,9,9.0,98,49.0,55,0,0,2,208764.2803382664,435714,10495,208764.2803382664,435714,10495,0,0,0,671787.0,672492
Single_MultiDeviceSchedulerLocalRemoteRoundRobin01/0/2,2,0,9,9.0,120,60.0,120,0,0,2,265472.675,546575,10174,265472.675,546575,10174,0,0,0,781904.0,785064
Single_MultiDeviceSchedulerLocalRemoteRoundRobin01/0/1,2,0,9,9.0,104,52.0,104,0,0,2,203528.82692307694,438850,9735,203528.82692307694,438850,9735,0,0,0,663203.0,676370
Single_MultiDeviceSchedulerLocalRemoteRoundRobin01/0/0,2,0,9,9.0,105,52.5,105,0,0,2,181117.47619047618,417150,9687,181117.47619047618,417150,9687,0,0,0,622774.0,654121
SingleDeviceSchedulerCloud06/0/2,2,1,2,0.6666666666666666,198,49.5,52,99,99,3,1501.394264521924,3255,1026,1607.0711947626842,3255,1221,1290.040404040404,2945,1026,233856.0,234986
SingleDeviceSchedulerCloud06/0/1,2,1,2,0.6666666666666666,208,52.0,57,104,104,3,1587.447637608752,3151,718,1693.964725643897,3151,949,1374.4134615384614,2820,718,234684.33333333334,238229
SingleDeviceSchedulerCloud06/0/0,2,1,3,1.0,184,46.0,47,92,92,3,1580.8324528043306,3623,905,1688.7052009456265,3623,1201,1365.0869565217392,3312,905,234381.66666666666,239616
SingleDeviceSchedulerLocal03/0/2,1,0,5,5.0,20,20.0,20,0,0,1,22084.55,52099,8683,22084.55,52099,8683,0,0,0,274103.0,274103
SingleDeviceSchedulerLocal03/0/1,1,0,5,5.0,20,20.0,20,0,0,1,21127.0,48453,8556,21127.0,48453,8556,0,0,0,261234.0,261234
SingleDeviceSchedulerLocal03/0/0,1,0,4,4.0,22,22.0,22,0,0,1,18293.636363636364,36233,8367,18293.636363636364,36233,8367,0,0,0,246154.0,246154
Single_EstimatedTimeScheduler12/0/2,4,0,3,1.75,25,6.25,25,0,0,4,13830.12,28443,8696,13830.12,28443,8696,0,0,0,113069.75,232071
Single_EstimatedTimeScheduler12/0/1,4,0,3,2.0,22,5.5,22,0,0,4,13215.90909090909,28726,8686,13215.90909090909,28726,8686,0,0,0,98810.25,220501
Single_EstimatedTimeScheduler12/0/0,4,0,2,1.5,26,6.5,26,0,0,4,13899.115384615385,27191,8993,13899.115384615385,27191,8993,0,0,0,140907.5,230866
Single_MultiDeviceSchedulerLocalRemoteRoundRobin09/0/2,6,0,1,1.0,118,19.666666666666668,118,0,0,6,12051.186440677966,24340,8979,12051.186440677966,24340,8979,0,0,0,233410.66666666666,246875
Single_MultiDeviceSchedulerLocalRemoteRoundRobin09/0/1,6,0,1,1.0,117,19.5,117,0,0,6,10340.735042735043,15850,8913,10340.735042735043,15850,8913,0,0,0,237750.66666666666,246923
Single_MultiDeviceSchedulerLocalRemoteRoundRobin09/0/0,6,0,1,1.0,115,19.166666666666668,115,0,0,6,10696.4,20245,8818,10696.4,20245,8818,0,0,0,230819.0,241607
Single_EstimatedTimeScheduler08/0/2,2,0,1,1.0,17,8.5,17,0,0,2,12002.588235294117,17223,8644,12002.588235294117,17223,8644,0,0,0,203507.5,216441
Single_EstimatedTimeScheduler08/0/1,2,0,1,1.0,18,9.0,18,0,0,2,11267.833333333334,17513,8642,11267.833333333334,17513,8642,0,0,0,206466.5,239458
Single_EstimatedTimeScheduler08/0/0,2,0,1,1.0,18,9.0,18,0,0,2,10893.055555555555,17072,8597,10893.055555555555,17072,8597,0,0,0,206558.0,213307
EstimatedTimeScheduler11/0/2,4,0,9,9.0,210,52.5,65,0,0,4,198054.35261455525,478036,9801,198054.35261455525,478036,9801,0,0,0,686454.0,716868
EstimatedTimeScheduler11/0/1,4,0,9,9.0,210,52.5,60,0,0,4,187422.43830242363,420255,9634,187422.43830242363,420255,9634,0,0,0,627068.5,646001
EstimatedTimeScheduler11/0/0,4,0,9,9.0,210,52.5,63,0,0,4,134949.256242983,347062,9581,134949.256242983,347062,9581,0,0,0,550308.0,568454
Single_MultiDeviceSchedulerLocalRemoteRandom09/0/2,6,0,8,3.8333333333333335,110,18.333333333333332,110,0,0,6,33822.65454545455,122780,8958,33822.65454545455,122780,8958,0,0,0,309050.6,351419
Single_MultiDeviceSchedulerLocalRemoteRandom09/0/1,6,0,9,5.0,122,20.333333333333332,122,0,0,6,41185.09016393442,167508,8978,41185.09016393442,167508,8978,0,0,0,332477.8,380480
Single_MultiDeviceSchedulerLocalRemoteRandom09/0/0,6,0,6,3.5,118,19.666666666666668,118,0,0,6,27190.466101694914,87637,7886,27190.466101694914,87637,7886,0,0,0,298061.0,322854
SingleDeviceSchedulerCloud19/0/2,8,1,9,1.0,388,24.25,30,194,194,9,3717.929223780832,10431,867,3756.7451190214774,10431,1183,3407.40206185567,10110,867,232807.44444444444,245691
SingleDeviceSchedulerCloud19/0/1,8,1,6,0.6666666666666666,380,23.75,34,190,190,9,2672.416848234618,7136,1029,2706.674875316577,7136,1253,2398.3526315789472,6834,1029,223719.33333333334,238734
SingleDeviceSchedulerCloud19/0/0,8,1,8,0.8888888888888888,370,23.125,27,185,185,9,3276.7467625244917,9246,1033,3312.0583510832967,9246,1231,2994.254054054054,8924,1033,229232.33333333334,241587
SingleDeviceSchedulerRemote02/0/2,2,0,9,4.5,47,23.5,47,0,0,2,180418.74468085106,359498,10103,180418.74468085106,359498,10103,0,0,0,586310.0,586410
SingleDeviceSchedulerRemote02/0/1,2,0,9,4.5,47,23.5,47,0,0,2,146991.36170212767,307168,10617,146991.36170212767,307168,10617,0,0,0,541868.0,541970
SingleDeviceSchedulerRemote02/0/0,2,0,9,4.5,57,28.5,57,0,0,2,179487.0,380881,9884,179487.0,380881,9884,0,0,0,617957.5,618067
SingleDeviceSchedulerCloud13/0/2,6,1,99,14.142857142857142,1382,115.16666666666667,126,691,691,7,238926.0546937214,480004,1391,239097.19743211055,480004,1728,237899.1982633864,479719,1391,711614.2857142857,718838
SingleDeviceSchedulerCloud13/0/1,6,0,0,0.0,705,117.5,143,0,0,6,247163.99247370518,493569,1670,247163.99247370518,493569,1670,0,0,0,724115.3333333334,731808
SingleDeviceSchedulerCloud13/0/0,6,1,99,14.142857142857142,1394,116.16666666666667,129,697,697,7,241999.57184328386,482373,1860,242108.1858018608,482373,2275,241347.8880918221,482038,1860,711832.1428571428,720541
MultiDeviceSchedulerLocalRemoteRandom11/0/2,6,0,9,7.333333333333333,160,26.666666666666668,34,0,0,6,60876.60346461816,188504,9138,60876.60346461816,188504,9138,0,0,0,386231.8333333333,419085
MultiDeviceSchedulerLocalRemoteRandom11/0/1,6,0,9,5.333333333333333,144,24.0,30,0,0,6,47093.11943264398,166665,9089,47093.11943264398,166665,9089,0,0,0,345322.5,396022
MultiDeviceSchedulerLocalRemoteRandom11/0/0,6,0,9,5.666666666666667,146,24.333333333333332,30,0,0,6,39907.69779423475,131106,9074,39907.69779423475,131106,9074,0,0,0,329717.5,342258
Single_MultiDeviceSchedulerLocalRemoteRoundRobin03/0/2,2,0,1,1.0,26,13.0,26,0,0,2,9969.423076923076,15198,8836,9969.423076923076,15198,8836,0,0,0,231571.0,236391
Single_MultiDeviceSchedulerLocalRemoteRoundRobin03/0/1,2,0,1,1.0,27,13.5,27,0,0,2,10711.62962962963,19459,8762,10711.62962962963,19459,8762,0,0,0,239261.5,239367
Single_MultiDeviceSchedulerLocalRemoteRoundRobin03/0/0,2,0,1,1.0,26,13.0,26,0,0,2,9519.038461538461,12125,8581,9519.038461538461,12125,8581,0,0,0,240011.0,244804
SingleDeviceSchedulerCloud03/0/2,1,1,1,0.5,48,24.0,24,24,24,2,1164.6041666666665,2139,740,1352.0833333333333,2139,1060,977.125,1932,740,227818.0,227951
SingleDeviceSchedulerCloud03/0/1,1,1,1,0.5,40,20.0,20,20,20,2,1247.6,3398,715,1420.05,3398,1023,1075.15,3019,715,231832.0,232047
SingleDeviceSchedulerCloud03/0/0,1,1,1,0.5,50,25.0,25,25,25,2,1209.48,2569,755,1388.28,2569,1036,1030.68,2052,755,231814.0,231958
SingleDeviceSchedulerCloud14/0/2,6,1,9,1.2857142857142858,594,49.5,58,297,297,7,32899.423011590414,71834,1067,32938.6455898409,71834,1255,32664.08754208754,71602,1067,300253.14285714284,310786
SingleDeviceSchedulerCloud14/0/1,6,1,9,1.2857142857142858,602,50.166666666666664,59,301,301,7,37993.011106717495,79760,2367,38024.1259146477,79760,2808,37806.322259136214,79386,2367,309420.5714285714,318740
SingleDeviceSchedulerCloud14/0/0,6,1,9,1.2857142857142858,582,48.5,60,291,291,7,30793.83358087516,63223,1054,30834.52176646203,63223,1399,30549.704467353953,62742,1054,293910.85714285716,302053
Single_EstimatedTimeScheduler11/0/2,4,0,4,2.75,49,12.25,49,0,0,4,17235.102040816328,48262,8832,17235.102040816328,48262,8832,0,0,0,215045.0,252010
Single_EstimatedTimeScheduler11/0/1,4,0,3,2.5,46,11.5,46,0,0,4,15664.282608695652,37259,8835,15664.282608695652,37259,8835,0,0,0,183871.5,251408
Single_EstimatedTimeScheduler11/0/0,4,0,3,2.25,39,9.75,39,0,0,4,13620.74358974359,30021,8909,13620.74358974359,30021,8909,0,0,0,212536.0,258347
Single_MultiDeviceSchedulerLocalRemoteRandom05/0/2,4,0,9,6.75,128,32.0,128,0,0,4,99504.375,248492,8953,99504.375,248492,8953,0,0,0,476778.3333333333,483134
Single_MultiDeviceSchedulerLocalRemoteRandom05/0/1,4,0,9,6.75,113,28.25,113,0,0,4,103157.06194690266,364597,8908,103157.06194690266,364597,8908,0,0,0,474723.25,597482
Single_MultiDeviceSchedulerLocalRemoteRandom05/0/0,4,0,9,6.75,120,30.0,120,0,0,4,97045.45,281598,9719,97045.45,281598,9719,0,0,0,414345.6666666667,509415
MultiDeviceSchedulerLocalRemoteRoundRobin12/0/2,6,0,2,1.3333333333333333,68,11.333333333333334,14,0,0,6,12695.642970917972,26220,8799,12695.642970917972,26220,8799,0,0,0,237435.5,247010
MultiDeviceSchedulerLocalRemoteRoundRobin12/0/1,6,0,2,1.6666666666666667,74,12.333333333333334,14,0,0,6,12359.496564546564,27756,7214,12359.496564546564,27756,7214,0,0,0,237572.83333333334,244065
MultiDeviceSchedulerLocalRemoteRoundRobin12/0/0,6,0,2,1.5,68,11.333333333333334,16,0,0,6,11628.298724423725,25625,8743,11628.298724423725,25625,8743,0,0,0,222666.33333333334,250005
SingleDeviceSchedulerLocal01/0/2,1,0,99,99.0,132,132.0,132,0,0,1,742985.0075757576,1465152,11874,742985.0075757576,1465152,11874,0,0,0,1702623.0,1702623
SingleDeviceSchedulerLocal01/0/1,1,0,99,99.0,120,120.0,120,0,0,1,646855.5083333333,1286451,11306,646855.5083333333,1286451,11306,0,0,0,1522525.0,1522525
SingleDeviceSchedulerLocal01/0/0,1,0,97,97.0,121,121.0,121,0,0,1,550594.438016529,1143205,10373,550594.438016529,1143205,10373,0,0,0,1379762.0,1379762
SingleDeviceSchedulerLocal04/0/2,1,0,1,1.0,11,11.0,11,0,0,1,9422.272727272728,13092,8374,9422.272727272728,13092,8374,0,0,0,208493.0,208493
SingleDeviceSchedulerLocal04/0/1,1,0,1,1.0,11,11.0,11,0,0,1,9561.0,13566,8447,9561.0,13566,8447,0,0,0,211092.0,211092
SingleDeviceSchedulerLocal04/0/0,1,0,1,1.0,11,11.0,11,0,0,1,10215.90909090909,15699,8392,10215.90909090909,15699,8392,0,0,0,205102.0,205102
